fid,crop_name
185471,Barley
185472,Barley
185488,Barley
185489,Lucerne/Medics
185490,Barley
185493,Barley
185494,Barley
185495,Lucerne/Medics
185502,Lucerne/Medics
185505,Wheat
185509,Lucerne/Medics
185510,Lucerne/Medics
185535,Lucerne/Medics
185536,Wheat
185541,Barley
185542,Barley
185543,Barley
185544,Barley
185545,Lucerne/Medics
185546,Lucerne/Medics
185547,Lucerne/Medics
185549,Lucerne/Medics
185550,Lucerne/Medics
185551,Lucerne/Medics
185552,Lucerne/Medics
185553,Lucerne/Medics
185555,Wheat
185556,Lucerne/Medics
185557,Wheat
185558,Wheat
185559,Wheat
185560,Lucerne/Medics
185561,Lucerne/Medics
185588,Lucerne/Medics
185589,Lucerne/Medics
185590,Lucerne/Medics
185591,Canola
185592,Barley
185593,Barley
185594,Canola
185595,Barley
185596,Barley
185597,Barley
185599,Lucerne/Medics
185600,Wheat
185601,Lucerne/Medics
185602,Wheat
185603,Lucerne/Medics
185605,Wheat
185606,Lucerne/Medics
185607,Lucerne/Medics
185608,Lucerne/Medics
185609,Lucerne/Medics
185610,Lucerne/Medics
185612,Barley
185613,Barley
185614,Lucerne/Medics
185615,Small grain grazing
185622,Barley
185623,Barley
185624,Small grain grazing
185630,Barley
185631,Barley
185663,Lucerne/Medics
185667,Barley
185668,Canola
185670,Canola
185671,Wheat
185672,Wheat
185673,Small grain grazing
185674,Wheat
185675,Wheat
185676,Canola
185677,Lucerne/Medics
185684,Lucerne/Medics
185686,Canola
185687,Small grain grazing
185689,Wheat
185690,Barley
185691,Lucerne/Medics
185692,Lucerne/Medics
185693,Barley
185694,Barley
185695,Wheat
185696,Lucerne/Medics
185697,Wheat
185698,Barley
185699,Small grain grazing
185700,Small grain grazing
185701,Lucerne/Medics
185702,Lucerne/Medics
185703,Barley
185704,Lucerne/Medics
185705,Lucerne/Medics
185706,Lucerne/Medics
185707,Canola
185708,Wheat
185709,Small grain grazing
185710,Lucerne/Medics
185711,Lucerne/Medics
185712,Lucerne/Medics
185713,Lucerne/Medics
185714,Lucerne/Medics
185715,Lucerne/Medics
185716,Lucerne/Medics
185717,Lucerne/Medics
185718,Lucerne/Medics
185719,Barley
185720,Lucerne/Medics
185721,Lucerne/Medics
185722,Lucerne/Medics
185723,Wheat
185724,Canola
185725,Lucerne/Medics
185726,Lucerne/Medics
185727,Lucerne/Medics
185728,Lucerne/Medics
185729,Lucerne/Medics
185730,Lucerne/Medics
185731,Barley
185732,Lucerne/Medics
185733,Lucerne/Medics
186029,Lucerne/Medics
186030,Lucerne/Medics
186031,Lucerne/Medics
186032,Lucerne/Medics
186033,Barley
186034,Canola
186035,Lucerne/Medics
186036,Barley
186037,Wheat
186038,Lucerne/Medics
186039,Lucerne/Medics
186040,Barley
186041,Small grain grazing
186042,Small grain grazing
186043,Lucerne/Medics
186044,Lucerne/Medics
186045,Lucerne/Medics
186046,Lucerne/Medics
186047,Lucerne/Medics
186048,Lucerne/Medics
186049,Lucerne/Medics
186050,Lucerne/Medics
186051,Lucerne/Medics
186052,Barley
186053,Canola
186054,Barley
186055,Wheat
186056,Small grain grazing
186057,Small grain grazing
186058,Small grain grazing
186059,Lucerne/Medics
186060,Lucerne/Medics
186061,Lucerne/Medics
186062,Barley
186063,Lucerne/Medics
186064,Lucerne/Medics
186065,Lucerne/Medics
186066,Lucerne/Medics
186067,Lucerne/Medics
186068,Lucerne/Medics
186069,Lucerne/Medics
186070,Lucerne/Medics
186071,Lucerne/Medics
186072,Lucerne/Medics
186073,Lucerne/Medics
186074,Lucerne/Medics
186075,Lucerne/Medics
186076,Wheat
186077,Wheat
186078,Canola
186079,Lucerne/Medics
186080,Canola
186081,Barley
186082,Lucerne/Medics
186083,Lucerne/Medics
186084,Lucerne/Medics
186085,Lucerne/Medics
186086,Lucerne/Medics
186087,Barley
186088,Barley
186090,Barley
186091,Barley
186092,Lucerne/Medics
186093,Small grain grazing
186094,Lucerne/Medics
186095,Lucerne/Medics
186096,Lucerne/Medics
186097,Lucerne/Medics
186098,Lucerne/Medics
186099,Wheat
186100,Wheat
186101,Barley
186102,Lucerne/Medics
186103,Lucerne/Medics
186104,Lucerne/Medics
186105,Lucerne/Medics
186106,Wheat
186107,Canola
186108,Canola
186109,Lucerne/Medics
186110,Small grain grazing
186111,Lucerne/Medics
186112,Lucerne/Medics
186113,Lucerne/Medics
186114,Lucerne/Medics
186115,Wheat
186116,Lucerne/Medics
186117,Wheat
186118,Wheat
186119,Wheat
186120,Small grain grazing
186121,Canola
186122,Wheat
186123,Barley
186124,Small grain grazing
186125,Small grain grazing
186127,Lucerne/Medics
186128,Small grain grazing
186129,Small grain grazing
186130,Lucerne/Medics
186131,Lucerne/Medics
186132,Wheat
186133,Wheat
186134,Wheat
186135,Lucerne/Medics
186136,Canola
186137,Small grain grazing
186138,Canola
186139,Barley
186140,Small grain grazing
186141,Lucerne/Medics
186142,Lucerne/Medics
186143,Lucerne/Medics
186144,Barley
186147,Wheat
186148,Wheat
186149,Barley
186150,Barley
186151,Barley
186152,Wheat
186153,Lucerne/Medics
186154,Lucerne/Medics
186155,Lucerne/Medics
186156,Lucerne/Medics
186157,Barley
186158,Lucerne/Medics
186159,Lucerne/Medics
186160,Lucerne/Medics
186161,Lucerne/Medics
186162,Lucerne/Medics
186163,Lucerne/Medics
186164,Wheat
186166,Barley
186167,Lucerne/Medics
186168,Barley
186169,Barley
186170,Lucerne/Medics
186171,Lucerne/Medics
186172,Lucerne/Medics
186174,Wheat
186175,Wheat
186176,Barley
186177,Lucerne/Medics
186178,Lucerne/Medics
186179,Lucerne/Medics
186180,Lucerne/Medics
186181,Lucerne/Medics
186182,Lucerne/Medics
186183,Lucerne/Medics
186184,Lucerne/Medics
186185,Lucerne/Medics
186186,Lucerne/Medics
186187,Lucerne/Medics
186188,Lucerne/Medics
186189,Barley
186190,Lucerne/Medics
186191,Lucerne/Medics
186192,Lucerne/Medics
186193,Lucerne/Medics
186194,Lucerne/Medics
186195,Wheat
186196,Wheat
186197,Barley
186198,Wheat
186199,Wheat
186200,Barley
186202,Barley
186203,Barley
186204,Wheat
186205,Wheat
186206,Lucerne/Medics
186207,Lucerne/Medics
186208,Lucerne/Medics
186209,Wheat
186210,Lucerne/Medics
186211,Canola
186212,Lucerne/Medics
186213,Barley
186214,Barley
186215,Lucerne/Medics
186216,Wheat
186217,Lucerne/Medics
186218,Canola
186219,Small grain grazing
186220,Small grain grazing
186221,Barley
186222,Lucerne/Medics
186223,Lucerne/Medics
186224,Lucerne/Medics
186225,Lucerne/Medics
186226,Lucerne/Medics
186227,Lucerne/Medics
186228,Lucerne/Medics
186229,Wheat
186230,Wheat
186231,Wheat
186232,Barley
186233,Lucerne/Medics
186234,Lucerne/Medics
186235,Lucerne/Medics
186236,Lucerne/Medics
186237,Wheat
186238,Lucerne/Medics
186239,Lucerne/Medics
186241,Lucerne/Medics
186242,Wheat
186243,Lucerne/Medics
186249,Lucerne/Medics
186250,Wheat
186251,Barley
186291,Lucerne/Medics
186292,Wheat
186293,Small grain grazing
186302,Lucerne/Medics
186304,Lucerne/Medics
186305,Lucerne/Medics
186306,Barley
186308,Barley
186320,Wheat
186321,Wheat
186322,Lucerne/Medics
186323,Lucerne/Medics
186324,Lucerne/Medics
186325,Lucerne/Medics
186326,Lucerne/Medics
186327,Lucerne/Medics
186328,Lucerne/Medics
186329,Barley
186330,Wheat
186331,Wheat
186332,Lucerne/Medics
186333,Lucerne/Medics
186334,Wheat
186337,Lucerne/Medics
186338,Lucerne/Medics
186339,Wheat
186342,Wheat
186343,Small grain grazing
186344,Wheat
186345,Wheat
186346,Wheat
186347,Lucerne/Medics
186348,Wheat
186349,Lucerne/Medics
186350,Wheat
186351,Wheat
186352,Barley
186353,Canola
186354,Lucerne/Medics
186355,Wheat
186356,Barley
186357,Wheat
186358,Wheat
186359,Lucerne/Medics
186360,Barley
186361,Wheat
186362,Barley
186363,Wheat
186364,Barley
186365,Lucerne/Medics
186366,Lucerne/Medics
186519,Lucerne/Medics
186520,Lucerne/Medics
186521,Lucerne/Medics
186524,Lucerne/Medics
186525,Barley
186526,Barley
186527,Wheat
186528,Wheat
186529,Lucerne/Medics
186530,Barley
186531,Barley
186532,Lucerne/Medics
186533,Lucerne/Medics
186534,Lucerne/Medics
186535,Lucerne/Medics
186536,Barley
186538,Lucerne/Medics
186546,Lucerne/Medics
186637,Barley
186638,Barley
186639,Wheat
186640,Wheat
186641,Lucerne/Medics
186642,Small grain grazing
186644,Lucerne/Medics
186645,Wheat
186646,Wheat
186650,Barley
186652,Lucerne/Medics
186653,Lucerne/Medics
186654,Wheat
186655,Lucerne/Medics
186656,Barley
186657,Barley
186658,Barley
186661,Lucerne/Medics
186662,Barley
186663,Barley
186665,Lucerne/Medics
186666,Lucerne/Medics
186667,Barley
186668,Barley
186669,Wheat
186671,Barley
186672,Barley
186673,Small grain grazing
186675,Wheat
186677,Small grain grazing
186678,Wheat
186679,Lucerne/Medics
186989,Lucerne/Medics
186990,Lucerne/Medics
186991,Lucerne/Medics
186992,Lucerne/Medics
186993,Barley
186995,Lucerne/Medics
186996,Canola
186998,Lucerne/Medics
186999,Small grain grazing
187011,Lucerne/Medics
187012,Small grain grazing
187013,Lucerne/Medics
187016,Small grain grazing
187017,Lucerne/Medics
187020,Lucerne/Medics
187021,Lucerne/Medics
187022,Small grain grazing
187025,Small grain grazing
187028,Lucerne/Medics
187029,Lucerne/Medics
187030,Small grain grazing
187031,Small grain grazing
187032,Lucerne/Medics
187033,Lucerne/Medics
187034,Lucerne/Medics
187035,Lucerne/Medics
187036,Small grain grazing
187037,Lucerne/Medics
187038,Lucerne/Medics
187039,Lucerne/Medics
187040,Lucerne/Medics
187041,Lucerne/Medics
187042,Small grain grazing
187043,Lucerne/Medics
187044,Lucerne/Medics
187045,Small grain grazing
187046,Lucerne/Medics
187047,Lucerne/Medics
187048,Lucerne/Medics
187049,Lucerne/Medics
187050,Small grain grazing
187051,Lucerne/Medics
187052,Small grain grazing
187053,Lucerne/Medics
187054,Lucerne/Medics
187055,Small grain grazing
187056,Lucerne/Medics
187057,Lucerne/Medics
187060,Lucerne/Medics
187061,Lucerne/Medics
187062,Small grain grazing
187064,Lucerne/Medics
187065,Lucerne/Medics
187074,Canola
187075,Lucerne/Medics
187076,Lucerne/Medics
187077,Lucerne/Medics
187078,Lucerne/Medics
187079,Small grain grazing
187080,Small grain grazing
187081,Wheat
187082,Wheat
187083,Wheat
187085,Lucerne/Medics
187087,Lucerne/Medics
187088,Lucerne/Medics
187089,Small grain grazing
187090,Lucerne/Medics
187092,Wheat
187095,Wheat
187096,Small grain grazing
187097,Wheat
187099,Wheat
187100,Small grain grazing
187101,Barley
187104,Wheat
187105,Wheat
187106,Wheat
187107,Small grain grazing
187108,Small grain grazing
187109,Lucerne/Medics
187110,Small grain grazing
187111,Barley
187112,Barley
187113,Lucerne/Medics
187114,Lucerne/Medics
187115,Small grain grazing
187116,Lucerne/Medics
187117,Lucerne/Medics
187118,Lucerne/Medics
187119,Lucerne/Medics
187120,Lucerne/Medics
187121,Small grain grazing
187122,Small grain grazing
187123,Small grain grazing
187124,Small grain grazing
187125,Lucerne/Medics
187126,Lucerne/Medics
187127,Wheat
187128,Small grain grazing
187129,Lucerne/Medics
187130,Small grain grazing
187131,Small grain grazing
187132,Lucerne/Medics
187133,Lucerne/Medics
187134,Lucerne/Medics
187135,Small grain grazing
187136,Lucerne/Medics
187137,Lucerne/Medics
187139,Lucerne/Medics
187140,Barley
187141,Lucerne/Medics
187142,Lucerne/Medics
187143,Lucerne/Medics
187144,Small grain grazing
187145,Small grain grazing
187146,Lucerne/Medics
187148,Small grain grazing
187149,Lucerne/Medics
187150,Lucerne/Medics
187151,Lucerne/Medics
187152,Lucerne/Medics
187153,Lucerne/Medics
187154,Lucerne/Medics
187155,Lucerne/Medics
187157,Lucerne/Medics
187158,Lucerne/Medics
187159,Lucerne/Medics
187160,Lucerne/Medics
187161,Small grain grazing
187163,Canola
187164,Lucerne/Medics
187165,Lucerne/Medics
187166,Lucerne/Medics
187167,Lucerne/Medics
187173,Lucerne/Medics
187174,Lucerne/Medics
187178,Lucerne/Medics
187181,Lucerne/Medics
187184,Lucerne/Medics
187185,Lucerne/Medics
187186,Lucerne/Medics
187187,Small grain grazing
187188,Small grain grazing
187189,Lucerne/Medics
187190,Small grain grazing
187191,Small grain grazing
187192,Small grain grazing
187193,Lucerne/Medics
187194,Lucerne/Medics
187195,Small grain grazing
187196,Small grain grazing
187197,Small grain grazing
187198,Small grain grazing
187199,Small grain grazing
187200,Lucerne/Medics
187201,Small grain grazing
187202,Lucerne/Medics
187203,Lucerne/Medics
187204,Lucerne/Medics
187205,Lucerne/Medics
187206,Lucerne/Medics
187207,Small grain grazing
187208,Small grain grazing
187209,Lucerne/Medics
187210,Small grain grazing
187211,Small grain grazing
187212,Lucerne/Medics
187213,Lucerne/Medics
187214,Small grain grazing
187215,Wheat
187216,Lucerne/Medics
187218,Wheat
187219,Wheat
187221,Lucerne/Medics
187224,Lucerne/Medics
187225,Lucerne/Medics
187226,Lucerne/Medics
187229,Lucerne/Medics
187501,Wheat
187502,Barley
187503,Lucerne/Medics
187504,Lucerne/Medics
187505,Wheat
187506,Canola
187507,Canola
187508,Small grain grazing
187509,Lucerne/Medics
187510,Lucerne/Medics
187511,Wheat
187512,Lucerne/Medics
187513,Wheat
187514,Wheat
187515,Wheat
187516,Barley
187518,Lucerne/Medics
187519,Lucerne/Medics
187520,Lucerne/Medics
187521,Lucerne/Medics
187522,Barley
187523,Lucerne/Medics
187524,Lucerne/Medics
187525,Wheat
187526,Small grain grazing
187527,Lucerne/Medics
187528,Lucerne/Medics
187529,Lucerne/Medics
187530,Wheat
187531,Barley
187532,Barley
187533,Lucerne/Medics
187534,Lucerne/Medics
187535,Small grain grazing
187536,Wheat
187537,Wheat
187538,Wheat
187539,Lucerne/Medics
187540,Barley
187541,Barley
187542,Lucerne/Medics
187543,Barley
187544,Barley
187545,Wheat
187546,Barley
187547,Wheat
187548,Barley
187549,Barley
187550,Small grain grazing
187551,Barley
187552,Wheat
187553,Wheat
187554,Wheat
187555,Barley
187556,Barley
187557,Barley
187558,Small grain grazing
187559,Canola
187560,Wheat
187561,Wheat
187562,Wheat
187563,Small grain grazing
187564,Barley
187565,Barley
187566,Lucerne/Medics
187567,Barley
187568,Lucerne/Medics
187569,Barley
187570,Barley
187571,Wheat
187572,Wheat
187573,Canola
187574,Lucerne/Medics
187575,Wheat
187576,Canola
187577,Wheat
187578,Wheat
187579,Barley
187580,Wheat
187581,Small grain grazing
187582,Small grain grazing
187583,Barley
187584,Barley
187585,Barley
187586,Barley
187587,Lucerne/Medics
187588,Lucerne/Medics
187589,Wheat
187590,Lucerne/Medics
187591,Lucerne/Medics
187592,Lucerne/Medics
187593,Wheat
187594,Small grain grazing
187595,Wheat
187596,Canola
187597,Lucerne/Medics
187598,Wheat
187599,Wheat
187600,Canola
187601,Wheat
187602,Wheat
187603,Wheat
187604,Canola
187605,Wheat
187606,Barley
187607,Lucerne/Medics
187608,Lucerne/Medics
187609,Lucerne/Medics
187610,Barley
187611,Lucerne/Medics
187612,Lucerne/Medics
187613,Lucerne/Medics
187614,Wheat
187615,Lucerne/Medics
187616,Lucerne/Medics
187617,Barley
187618,Lucerne/Medics
187619,Lucerne/Medics
187620,Lucerne/Medics
187621,Lucerne/Medics
187622,Lucerne/Medics
187623,Lucerne/Medics
187624,Lucerne/Medics
187631,Lucerne/Medics
187632,Lucerne/Medics
187633,Lucerne/Medics
187634,Lucerne/Medics
187648,Lucerne/Medics
187649,Lucerne/Medics
187650,Lucerne/Medics
187651,Lucerne/Medics
187652,Lucerne/Medics
187653,Lucerne/Medics
187654,Lucerne/Medics
187655,Lucerne/Medics
187656,Lucerne/Medics
187658,Lucerne/Medics
187659,Lucerne/Medics
187660,Lucerne/Medics
187661,Lucerne/Medics
187662,Small grain grazing
187663,Lucerne/Medics
187665,Lucerne/Medics
187668,Lucerne/Medics
187671,Lucerne/Medics
187672,Lucerne/Medics
187673,Lucerne/Medics
187675,Lucerne/Medics
187676,Lucerne/Medics
187677,Lucerne/Medics
187678,Lucerne/Medics
187679,Lucerne/Medics
187681,Lucerne/Medics
187683,Lucerne/Medics
187685,Lucerne/Medics
187688,Lucerne/Medics
187689,Lucerne/Medics
187691,Small grain grazing
187692,Lucerne/Medics
187694,Lucerne/Medics
187696,Lucerne/Medics
187698,Lucerne/Medics
187704,Lucerne/Medics
187712,Lucerne/Medics
187716,Lucerne/Medics
187717,Lucerne/Medics
187719,Lucerne/Medics
187721,Lucerne/Medics
187723,Lucerne/Medics
187724,Lucerne/Medics
187728,Lucerne/Medics
187740,Lucerne/Medics
187741,Lucerne/Medics
187742,Lucerne/Medics
187745,Lucerne/Medics
187747,Small grain grazing
187748,Small grain grazing
187749,Small grain grazing
187750,Small grain grazing
187751,Lucerne/Medics
187752,Lucerne/Medics
187753,Lucerne/Medics
187754,Lucerne/Medics
187755,Small grain grazing
187756,Lucerne/Medics
187759,Lucerne/Medics
187760,Lucerne/Medics
187761,Small grain grazing
187770,Lucerne/Medics
187771,Lucerne/Medics
187772,Lucerne/Medics
187773,Lucerne/Medics
187774,Lucerne/Medics
187800,Lucerne/Medics
187801,Small grain grazing
187802,Small grain grazing
187803,Lucerne/Medics
187804,Small grain grazing
187805,Small grain grazing
187806,Barley
187808,Lucerne/Medics
187809,Wheat
187812,Wheat
187813,Wheat
187815,Wheat
187816,Lucerne/Medics
187818,Small grain grazing
187819,Lucerne/Medics
187820,Wheat
187821,Lucerne/Medics
187823,Small grain grazing
187824,Barley
187825,Canola
187826,Lucerne/Medics
187827,Lucerne/Medics
187828,Barley
187829,Canola
187830,Small grain grazing
187831,Lucerne/Medics
187832,Small grain grazing
187833,Wheat
187834,Small grain grazing
187835,Lucerne/Medics
187836,Small grain grazing
187837,Wheat
187838,Lucerne/Medics
187839,Small grain grazing
187840,Canola
187846,Small grain grazing
187848,Small grain grazing
187850,Lucerne/Medics
187851,Lucerne/Medics
187852,Lucerne/Medics
187853,Lucerne/Medics
187854,Lucerne/Medics
187855,Lucerne/Medics
187856,Small grain grazing
187857,Wheat
187858,Small grain grazing
187860,Canola
187861,Small grain grazing
187863,Lucerne/Medics
187864,Lucerne/Medics
187867,Lucerne/Medics
187868,Lucerne/Medics
187869,Lucerne/Medics
187870,Lucerne/Medics
187871,Lucerne/Medics
187873,Lucerne/Medics
187874,Lucerne/Medics
187875,Lucerne/Medics
187879,Small grain grazing
187880,Small grain grazing
187881,Lucerne/Medics
187882,Canola
187883,Wheat
187884,Canola
187885,Lucerne/Medics
187886,Barley
187887,Lucerne/Medics
187888,Canola
187889,Lucerne/Medics
187890,Lucerne/Medics
187891,Lucerne/Medics
187892,Lucerne/Medics
187893,Lucerne/Medics
187894,Lucerne/Medics
187895,Barley
187896,Wheat
187897,Lucerne/Medics
187898,Wheat
187899,Lucerne/Medics
187900,Lucerne/Medics
187901,Wheat
187902,Lucerne/Medics
187903,Canola
187904,Wheat
187905,Lucerne/Medics
187906,Small grain grazing
187907,Lucerne/Medics
187908,Lucerne/Medics
187909,Lucerne/Medics
187910,Canola
187911,Canola
187912,Barley
187913,Lucerne/Medics
187914,Small grain grazing
187915,Small grain grazing
187916,Barley
187917,Lucerne/Medics
187918,Lucerne/Medics
187920,Lucerne/Medics
187921,Barley
187922,Canola
187923,Canola
187925,Small grain grazing
187926,Small grain grazing
187927,Small grain grazing
187928,Barley
187929,Small grain grazing
187930,Lucerne/Medics
187931,Canola
187932,Barley
187933,Lucerne/Medics
187934,Lucerne/Medics
187935,Barley
187936,Lucerne/Medics
187937,Barley
187941,Lucerne/Medics
187942,Small grain grazing
187943,Small grain grazing
187944,Lucerne/Medics
187945,Small grain grazing
187946,Small grain grazing
187947,Small grain grazing
187949,Small grain grazing
187950,Wheat
187951,Lucerne/Medics
187952,Small grain grazing
187953,Lucerne/Medics
187954,Barley
187955,Wheat
187956,Lucerne/Medics
187961,Wheat
187962,Wheat
187963,Wheat
187964,Wheat
187965,Wheat
187966,Small grain grazing
187967,Lucerne/Medics
187968,Canola
187969,Lucerne/Medics
187970,Lucerne/Medics
187971,Lucerne/Medics
187972,Wheat
187973,Small grain grazing
187974,Wheat
187975,Small grain grazing
187976,Wheat
187977,Canola
187979,Lucerne/Medics
187980,Lucerne/Medics
187981,Lucerne/Medics
187982,Barley
187983,Small grain grazing
187984,Barley
187985,Lucerne/Medics
187986,Lucerne/Medics
187987,Barley
187988,Barley
187989,Wheat
187990,Lucerne/Medics
187991,Canola
187992,Lucerne/Medics
187993,Canola
187994,Barley
187995,Barley
187996,Canola
187997,Canola
187998,Canola
187999,Lucerne/Medics
188000,Barley
188001,Small grain grazing
188002,Barley
188003,Small grain grazing
188004,Barley
188005,Small grain grazing
188006,Lucerne/Medics
188007,Lucerne/Medics
188009,Wheat
188010,Wheat
188011,Small grain grazing
188012,Wheat
188013,Wheat
188014,Canola
188015,Barley
188016,Canola
188017,Canola
188018,Wheat
188019,Small grain grazing
188020,Wheat
188021,Lucerne/Medics
188024,Small grain grazing
188025,Small grain grazing
188026,Small grain grazing
188027,Small grain grazing
188028,Wheat
188029,Wheat
188030,Small grain grazing
188031,Wheat
188032,Wheat
188033,Wheat
188034,Small grain grazing
188035,Small grain grazing
188036,Small grain grazing
188037,Small grain grazing
188038,Small grain grazing
188039,Lucerne/Medics
188040,Lucerne/Medics
188043,Lucerne/Medics
188048,Canola
188126,Small grain grazing
188130,Barley
188131,Small grain grazing
188132,Small grain grazing
188133,Barley
188134,Small grain grazing
188135,Small grain grazing
188136,Barley
188137,Barley
188138,Barley
188139,Barley
188140,Lucerne/Medics
188141,Lucerne/Medics
188142,Small grain grazing
188143,Lucerne/Medics
188145,Wheat
188146,Wheat
188147,Small grain grazing
188148,Canola
188149,Lucerne/Medics
188150,Lucerne/Medics
188151,Small grain grazing
188152,Small grain grazing
188153,Small grain grazing
188155,Lucerne/Medics
188156,Small grain grazing
188158,Lucerne/Medics
188159,Small grain grazing
188160,Lucerne/Medics
188161,Lucerne/Medics
188164,Lucerne/Medics
188168,Small grain grazing
188169,Small grain grazing
188384,Lucerne/Medics
188385,Lucerne/Medics
188387,Lucerne/Medics
188388,Lucerne/Medics
188389,Lucerne/Medics
188454,Lucerne/Medics
188528,Wheat
188529,Lucerne/Medics
188530,Lucerne/Medics
188531,Lucerne/Medics
188532,Small grain grazing
188535,Lucerne/Medics
188536,Barley
188537,Lucerne/Medics
188538,Lucerne/Medics
188539,Wheat
188540,Lucerne/Medics
188541,Lucerne/Medics
188542,Lucerne/Medics
188543,Lucerne/Medics
188544,Lucerne/Medics
188545,Lucerne/Medics
188546,Lucerne/Medics
188547,Lucerne/Medics
188548,Lucerne/Medics
188549,Lucerne/Medics
188550,Lucerne/Medics
188562,Lucerne/Medics
188563,Lucerne/Medics
188564,Lucerne/Medics
188565,Lucerne/Medics
188566,Wheat
188567,Wheat
188568,Lucerne/Medics
188569,Wheat
188570,Small grain grazing
188571,Lucerne/Medics
188572,Lucerne/Medics
188574,Lucerne/Medics
188575,Lucerne/Medics
188582,Lucerne/Medics
188595,Small grain grazing
188596,Lucerne/Medics
188653,Lucerne/Medics
188654,Lucerne/Medics
188655,Lucerne/Medics
188656,Barley
188657,Lucerne/Medics
188658,Lucerne/Medics
188659,Lucerne/Medics
188660,Lucerne/Medics
188661,Lucerne/Medics
188662,Lucerne/Medics
188663,Lucerne/Medics
188664,Lucerne/Medics
188665,Lucerne/Medics
188666,Lucerne/Medics
188667,Lucerne/Medics
188668,Lucerne/Medics
188669,Lucerne/Medics
188670,Lucerne/Medics
188671,Lucerne/Medics
188672,Lucerne/Medics
188673,Lucerne/Medics
188674,Lucerne/Medics
188675,Lucerne/Medics
188676,Lucerne/Medics
188677,Lucerne/Medics
188678,Lucerne/Medics
188679,Lucerne/Medics
188680,Lucerne/Medics
188681,Lucerne/Medics
188682,Lucerne/Medics
188683,Lucerne/Medics
188684,Lucerne/Medics
188685,Lucerne/Medics
188686,Lucerne/Medics
188687,Lucerne/Medics
188688,Lucerne/Medics
188691,Small grain grazing
188692,Lucerne/Medics
188694,Lucerne/Medics
188695,Lucerne/Medics
188698,Canola
188699,Canola
188700,Canola
188701,Wheat
188702,Barley
188703,Canola
188704,Canola
188705,Lucerne/Medics
188706,Small grain grazing
188707,Small grain grazing
188708,Lucerne/Medics
188709,Small grain grazing
188710,Barley
188711,Barley
188712,Lucerne/Medics
188713,Wheat
188714,Barley
188715,Lucerne/Medics
188718,Small grain grazing
188719,Lucerne/Medics
188720,Small grain grazing
188721,Lucerne/Medics
188724,Lucerne/Medics
188725,Lucerne/Medics
188726,Lucerne/Medics
188727,Lucerne/Medics
188728,Lucerne/Medics
188729,Lucerne/Medics
188730,Lucerne/Medics
188731,Lucerne/Medics
188732,Lucerne/Medics
188733,Lucerne/Medics
188738,Lucerne/Medics
188740,Lucerne/Medics
188742,Lucerne/Medics
188746,Small grain grazing
188747,Lucerne/Medics
188748,Wheat
188749,Lucerne/Medics
188750,Wheat
188751,Lucerne/Medics
188762,Lucerne/Medics
188763,Lucerne/Medics
188764,Lucerne/Medics
188765,Lucerne/Medics
188766,Lucerne/Medics
188767,Lucerne/Medics
188768,Lucerne/Medics
188779,Lucerne/Medics
188780,Lucerne/Medics
188781,Lucerne/Medics
188783,Wheat
188785,Lucerne/Medics
188786,Lucerne/Medics
188787,Lucerne/Medics
188788,Lucerne/Medics
188789,Wheat
188790,Wheat
188791,Wheat
188792,Lucerne/Medics
188793,Lucerne/Medics
188795,Lucerne/Medics
188796,Lucerne/Medics
188797,Lucerne/Medics
188800,Lucerne/Medics
188805,Lucerne/Medics
188811,Lucerne/Medics
188812,Lucerne/Medics
188813,Lucerne/Medics
188814,Lucerne/Medics
188815,Lucerne/Medics
188816,Small grain grazing
188817,Wheat
188818,Lucerne/Medics
188819,Wheat
188827,Lucerne/Medics
188833,Wheat
188837,Lucerne/Medics
188855,Lucerne/Medics
188856,Lucerne/Medics
188857,Lucerne/Medics
188875,Lucerne/Medics
188877,Lucerne/Medics
188914,Lucerne/Medics
188915,Lucerne/Medics
188916,Lucerne/Medics
188917,Lucerne/Medics
188919,Lucerne/Medics
188920,Lucerne/Medics
188921,Lucerne/Medics
188922,Lucerne/Medics
188950,Lucerne/Medics
188968,Lucerne/Medics
188969,Lucerne/Medics
188986,Lucerne/Medics
188992,Barley
188993,Lucerne/Medics
188994,Lucerne/Medics
188996,Lucerne/Medics
188998,Barley
188999,Lucerne/Medics
189000,Lucerne/Medics
189001,Lucerne/Medics
189002,Lucerne/Medics
189003,Lucerne/Medics
189007,Lucerne/Medics
189008,Lucerne/Medics
189009,Lucerne/Medics
189010,Lucerne/Medics
189011,Lucerne/Medics
189012,Barley
189013,Lucerne/Medics
189014,Lucerne/Medics
189015,Lucerne/Medics
189016,Wheat
189017,Lucerne/Medics
189018,Lucerne/Medics
189019,Wheat
189020,Lucerne/Medics
189021,Lucerne/Medics
189022,Lucerne/Medics
189023,Lucerne/Medics
189024,Lucerne/Medics
189025,Lucerne/Medics
189026,Lucerne/Medics
189027,Barley
189028,Barley
189029,Barley
189030,Lucerne/Medics
189034,Lucerne/Medics
189035,Lucerne/Medics
189036,Lucerne/Medics
189037,Lucerne/Medics
189038,Barley
189047,Lucerne/Medics
189048,Lucerne/Medics
189049,Lucerne/Medics
189051,Lucerne/Medics
189055,Lucerne/Medics
189056,Lucerne/Medics
189057,Lucerne/Medics
189062,Lucerne/Medics
189063,Lucerne/Medics
189064,Lucerne/Medics
189065,Lucerne/Medics
189066,Lucerne/Medics
189067,Lucerne/Medics
189068,Lucerne/Medics
189069,Lucerne/Medics
189070,Lucerne/Medics
189071,Lucerne/Medics
189072,Lucerne/Medics
189073,Lucerne/Medics
189074,Lucerne/Medics
189075,Lucerne/Medics
189076,Lucerne/Medics
189077,Lucerne/Medics
189078,Lucerne/Medics
189079,Lucerne/Medics
189080,Lucerne/Medics
189081,Lucerne/Medics
189082,Lucerne/Medics
189083,Lucerne/Medics
189084,Barley
189085,Lucerne/Medics
189086,Lucerne/Medics
189087,Lucerne/Medics
189088,Lucerne/Medics
189089,Lucerne/Medics
189090,Lucerne/Medics
189092,Lucerne/Medics
189093,Lucerne/Medics
189094,Lucerne/Medics
189095,Lucerne/Medics
189096,Lucerne/Medics
189102,Lucerne/Medics
189105,Lucerne/Medics
189106,Lucerne/Medics
189107,Lucerne/Medics
189108,Lucerne/Medics
189110,Lucerne/Medics
189111,Lucerne/Medics
189112,Lucerne/Medics
189114,Lucerne/Medics
189115,Lucerne/Medics
189116,Lucerne/Medics
189117,Lucerne/Medics
189118,Lucerne/Medics
189119,Lucerne/Medics
189120,Lucerne/Medics
189121,Lucerne/Medics
189122,Lucerne/Medics
189123,Lucerne/Medics
189124,Lucerne/Medics
189125,Lucerne/Medics
189126,Lucerne/Medics
189127,Lucerne/Medics
189128,Lucerne/Medics
189129,Barley
189132,Lucerne/Medics
189133,Lucerne/Medics
189134,Lucerne/Medics
189135,Lucerne/Medics
189136,Lucerne/Medics
189137,Lucerne/Medics
189138,Lucerne/Medics
189139,Lucerne/Medics
189140,Lucerne/Medics
189141,Lucerne/Medics
189142,Lucerne/Medics
189143,Lucerne/Medics
189144,Lucerne/Medics
189145,Lucerne/Medics
189146,Lucerne/Medics
189147,Lucerne/Medics
189148,Lucerne/Medics
189149,Lucerne/Medics
189150,Lucerne/Medics
189151,Lucerne/Medics
189152,Lucerne/Medics
189153,Lucerne/Medics
189154,Lucerne/Medics
189155,Lucerne/Medics
189156,Lucerne/Medics
189157,Lucerne/Medics
189158,Lucerne/Medics
189159,Lucerne/Medics
189160,Lucerne/Medics
189161,Lucerne/Medics
189162,Lucerne/Medics
189163,Small grain grazing
189164,Lucerne/Medics
189165,Lucerne/Medics
189166,Lucerne/Medics
189167,Lucerne/Medics
189168,Lucerne/Medics
189169,Lucerne/Medics
189170,Lucerne/Medics
189171,Lucerne/Medics
189172,Lucerne/Medics
189173,Barley
189174,Lucerne/Medics
189175,Barley
189176,Lucerne/Medics
189177,Lucerne/Medics
189178,Barley
189179,Lucerne/Medics
189180,Lucerne/Medics
189181,Lucerne/Medics
189182,Lucerne/Medics
189183,Lucerne/Medics
189184,Lucerne/Medics
189185,Lucerne/Medics
189186,Lucerne/Medics
189187,Lucerne/Medics
189188,Lucerne/Medics
189190,Lucerne/Medics
189191,Lucerne/Medics
189192,Lucerne/Medics
189193,Lucerne/Medics
189194,Small grain grazing
189195,Small grain grazing
189196,Barley
189197,Lucerne/Medics
189198,Lucerne/Medics
189200,Lucerne/Medics
189201,Lucerne/Medics
189202,Lucerne/Medics
189203,Lucerne/Medics
189204,Lucerne/Medics
189206,Small grain grazing
189207,Wheat
189209,Barley
189210,Small grain grazing
189211,Small grain grazing
189212,Lucerne/Medics
189213,Lucerne/Medics
189214,Lucerne/Medics
189215,Lucerne/Medics
189216,Lucerne/Medics
189218,Lucerne/Medics
189219,Lucerne/Medics
189220,Lucerne/Medics
189221,Lucerne/Medics
189222,Lucerne/Medics
189226,Lucerne/Medics
189227,Lucerne/Medics
189229,Lucerne/Medics
189230,Lucerne/Medics
189231,Lucerne/Medics
189232,Barley
189233,Wheat
189235,Lucerne/Medics
189236,Lucerne/Medics
189237,Lucerne/Medics
189240,Lucerne/Medics
189241,Lucerne/Medics
189243,Lucerne/Medics
189244,Barley
189271,Lucerne/Medics
189312,Lucerne/Medics
189323,Lucerne/Medics
189324,Lucerne/Medics
189325,Lucerne/Medics
189330,Lucerne/Medics
189335,Lucerne/Medics
189356,Lucerne/Medics
189357,Lucerne/Medics
189361,Lucerne/Medics
189363,Lucerne/Medics
189364,Lucerne/Medics
189404,Lucerne/Medics
189410,Lucerne/Medics
189411,Lucerne/Medics
189412,Lucerne/Medics
189413,Lucerne/Medics
189414,Lucerne/Medics
189415,Lucerne/Medics
189416,Lucerne/Medics
189433,Lucerne/Medics
189437,Lucerne/Medics
189581,Lucerne/Medics
189582,Lucerne/Medics
189583,Lucerne/Medics
189585,Lucerne/Medics
189586,Lucerne/Medics
189587,Lucerne/Medics
189588,Lucerne/Medics
189589,Lucerne/Medics
189590,Lucerne/Medics
189591,Lucerne/Medics
189592,Lucerne/Medics
189595,Lucerne/Medics
189596,Lucerne/Medics
189597,Lucerne/Medics
189598,Lucerne/Medics
189599,Lucerne/Medics
189600,Lucerne/Medics
189601,Lucerne/Medics
189602,Lucerne/Medics
189603,Lucerne/Medics
189604,Lucerne/Medics
189619,Lucerne/Medics
189629,Lucerne/Medics
189634,Wheat
189635,Lucerne/Medics
189636,Wheat
189637,Lucerne/Medics
189638,Lucerne/Medics
189639,Wheat
189640,Wheat
189641,Wheat
189642,Lucerne/Medics
189643,Wheat
189644,Lucerne/Medics
189645,Wheat
189646,Small grain grazing
189648,Lucerne/Medics
189657,Lucerne/Medics
189658,Lucerne/Medics
189706,Lucerne/Medics
189805,Small grain grazing
189806,Lucerne/Medics
189807,Lucerne/Medics
189808,Lucerne/Medics
189809,Lucerne/Medics
189810,Lucerne/Medics
189811,Lucerne/Medics
189812,Lucerne/Medics
189813,Lucerne/Medics
189814,Lucerne/Medics
189815,Lucerne/Medics
189816,Lucerne/Medics
189817,Lucerne/Medics
189818,Lucerne/Medics
189819,Lucerne/Medics
189820,Lucerne/Medics
189821,Lucerne/Medics
189822,Lucerne/Medics
189823,Lucerne/Medics
189824,Lucerne/Medics
189825,Lucerne/Medics
189826,Lucerne/Medics
189827,Lucerne/Medics
189828,Lucerne/Medics
189829,Lucerne/Medics
189830,Lucerne/Medics
189831,Lucerne/Medics
189837,Lucerne/Medics
189839,Lucerne/Medics
189840,Lucerne/Medics
189841,Lucerne/Medics
189842,Lucerne/Medics
189843,Lucerne/Medics
189844,Lucerne/Medics
189850,Wheat
189857,Lucerne/Medics
189858,Lucerne/Medics
189871,Lucerne/Medics
189872,Lucerne/Medics
189879,Lucerne/Medics
189880,Lucerne/Medics
189883,Lucerne/Medics
189884,Lucerne/Medics
189885,Lucerne/Medics
189886,Lucerne/Medics
189887,Lucerne/Medics
189888,Lucerne/Medics
189898,Lucerne/Medics
189899,Lucerne/Medics
189900,Lucerne/Medics
189901,Lucerne/Medics
189902,Lucerne/Medics
189909,Lucerne/Medics
189910,Lucerne/Medics
189911,Lucerne/Medics
189912,Lucerne/Medics
189913,Lucerne/Medics
189914,Lucerne/Medics
189915,Lucerne/Medics
189916,Lucerne/Medics
189917,Lucerne/Medics
189918,Lucerne/Medics
189919,Lucerne/Medics
189922,Lucerne/Medics
189923,Barley
189924,Barley
189925,Barley
189926,Barley
189927,Barley
189929,Lucerne/Medics
189931,Lucerne/Medics
189934,Lucerne/Medics
189935,Lucerne/Medics
189936,Lucerne/Medics
189939,Small grain grazing
189940,Lucerne/Medics
189941,Lucerne/Medics
189942,Small grain grazing
189943,Lucerne/Medics
189947,Lucerne/Medics
189949,Lucerne/Medics
189950,Lucerne/Medics
189951,Lucerne/Medics
189952,Lucerne/Medics
189953,Lucerne/Medics
189954,Lucerne/Medics
189955,Lucerne/Medics
189956,Lucerne/Medics
189957,Lucerne/Medics
189958,Lucerne/Medics
189959,Lucerne/Medics
189960,Lucerne/Medics
189961,Lucerne/Medics
189963,Lucerne/Medics
189964,Lucerne/Medics
189965,Lucerne/Medics
189966,Lucerne/Medics
189967,Barley
189968,Lucerne/Medics
189969,Lucerne/Medics
189970,Lucerne/Medics
189971,Lucerne/Medics
189972,Small grain grazing
189978,Lucerne/Medics
189979,Small grain grazing
189980,Lucerne/Medics
189983,Lucerne/Medics
189984,Lucerne/Medics
189985,Wheat
189986,Wheat
189987,Wheat
189988,Wheat
189989,Lucerne/Medics
189990,Small grain grazing
189991,Wheat
189992,Lucerne/Medics
189995,Lucerne/Medics
189996,Lucerne/Medics
189997,Lucerne/Medics
189998,Lucerne/Medics
189999,Lucerne/Medics
190000,Lucerne/Medics
190001,Lucerne/Medics
190002,Lucerne/Medics
190003,Lucerne/Medics
190004,Lucerne/Medics
190005,Lucerne/Medics
190006,Lucerne/Medics
190007,Lucerne/Medics
190008,Small grain grazing
190009,Lucerne/Medics
190010,Lucerne/Medics
190011,Lucerne/Medics
190012,Lucerne/Medics
190013,Lucerne/Medics
190014,Lucerne/Medics
190015,Lucerne/Medics
190016,Lucerne/Medics
190017,Lucerne/Medics
190018,Lucerne/Medics
190019,Lucerne/Medics
190020,Lucerne/Medics
190021,Lucerne/Medics
190022,Small grain grazing
190024,Barley
190025,Barley
190026,Wheat
190027,Wheat
190028,Wheat
190029,Lucerne/Medics
190030,Wheat
190031,Wheat
190032,Lucerne/Medics
190033,Barley
190034,Lucerne/Medics
190035,Lucerne/Medics
190036,Lucerne/Medics
190037,Lucerne/Medics
190038,Lucerne/Medics
190039,Small grain grazing
190040,Lucerne/Medics
190041,Lucerne/Medics
190042,Lucerne/Medics
190043,Lucerne/Medics
190044,Lucerne/Medics
190045,Wheat
190046,Lucerne/Medics
190047,Lucerne/Medics
190048,Wheat
190049,Lucerne/Medics
190050,Wheat
190051,Lucerne/Medics
190052,Lucerne/Medics
190053,Lucerne/Medics
190054,Lucerne/Medics
190055,Lucerne/Medics
190056,Lucerne/Medics
190057,Lucerne/Medics
190058,Wheat
190059,Lucerne/Medics
190060,Wheat
190061,Wheat
190062,Wheat
190063,Small grain grazing
190064,Barley
190065,Wheat
190066,Lucerne/Medics
190085,Lucerne/Medics
190086,Lucerne/Medics
190087,Lucerne/Medics
190088,Lucerne/Medics
190089,Lucerne/Medics
190090,Lucerne/Medics
190091,Lucerne/Medics
190092,Lucerne/Medics
190093,Barley
190094,Lucerne/Medics
190096,Lucerne/Medics
190097,Lucerne/Medics
190098,Barley
190099,Barley
190100,Small grain grazing
190101,Barley
190102,Barley
190103,Canola
190104,Barley
190105,Lucerne/Medics
190106,Lucerne/Medics
190107,Canola
190108,Lucerne/Medics
190109,Barley
190110,Barley
190111,Barley
190112,Lucerne/Medics
190113,Lucerne/Medics
190114,Barley
190115,Wheat
190116,Small grain grazing
190117,Lucerne/Medics
190118,Lucerne/Medics
190119,Lucerne/Medics
190120,Lucerne/Medics
190121,Wheat
190122,Lucerne/Medics
190123,Lucerne/Medics
190124,Lucerne/Medics
190125,Lucerne/Medics
190126,Lucerne/Medics
190127,Lucerne/Medics
190128,Lucerne/Medics
190129,Lucerne/Medics
190130,Lucerne/Medics
190131,Wheat
190132,Barley
190133,Barley
190134,Barley
190135,Barley
190136,Lucerne/Medics
190137,Small grain grazing
190138,Lucerne/Medics
190139,Lucerne/Medics
190140,Lucerne/Medics
190141,Small grain grazing
190142,Small grain grazing
190143,Lucerne/Medics
190144,Barley
190145,Barley
190147,Barley
190148,Barley
190149,Barley
190150,Small grain grazing
190151,Lucerne/Medics
190152,Barley
190153,Small grain grazing
190154,Small grain grazing
190155,Wheat
190156,Barley
190157,Barley
190158,Lucerne/Medics
190159,Small grain grazing
190160,Barley
190161,Lucerne/Medics
190162,Small grain grazing
190163,Lucerne/Medics
190164,Lucerne/Medics
190165,Canola
190166,Lucerne/Medics
190167,Canola
190168,Lucerne/Medics
190169,Canola
190170,Canola
190172,Lucerne/Medics
190174,Barley
190175,Wheat
190177,Wheat
190178,Lucerne/Medics
190179,Lucerne/Medics
190180,Lucerne/Medics
190181,Lucerne/Medics
190182,Lucerne/Medics
190183,Lucerne/Medics
190184,Lucerne/Medics
190185,Lucerne/Medics
190186,Lucerne/Medics
190187,Lucerne/Medics
190188,Lucerne/Medics
190189,Lucerne/Medics
190190,Lucerne/Medics
190191,Lucerne/Medics
190192,Lucerne/Medics
190193,Lucerne/Medics
190194,Lucerne/Medics
190195,Lucerne/Medics
190196,Lucerne/Medics
190198,Lucerne/Medics
190199,Lucerne/Medics
190200,Lucerne/Medics
190205,Lucerne/Medics
190206,Lucerne/Medics
190208,Lucerne/Medics
190209,Lucerne/Medics
190210,Lucerne/Medics
190211,Lucerne/Medics
190212,Lucerne/Medics
190213,Lucerne/Medics
190214,Lucerne/Medics
190215,Lucerne/Medics
190216,Lucerne/Medics
190219,Barley
190220,Barley
190221,Wheat
190224,Canola
190225,Canola
190226,Lucerne/Medics
190227,Canola
190228,Lucerne/Medics
190229,Small grain grazing
190230,Canola
190231,Canola
190232,Canola
190237,Lucerne/Medics
190240,Lucerne/Medics
190241,Lucerne/Medics
190242,Small grain grazing
190243,Lucerne/Medics
190244,Lucerne/Medics
190245,Small grain grazing
190246,Barley
190247,Lucerne/Medics
190248,Barley
190249,Wheat
190250,Lucerne/Medics
190253,Barley
190254,Lucerne/Medics
190255,Canola
190256,Lucerne/Medics
190257,Small grain grazing
190258,Small grain grazing
190259,Wheat
190260,Barley
190261,Barley
190262,Barley
190263,Barley
190264,Barley
190265,Small grain grazing
190266,Lucerne/Medics
190267,Lucerne/Medics
190268,Barley
190269,Small grain grazing
190270,Lucerne/Medics
190271,Lucerne/Medics
190273,Small grain grazing
190297,Lucerne/Medics
190298,Lucerne/Medics
190299,Lucerne/Medics
190302,Lucerne/Medics
190303,Lucerne/Medics
190304,Canola
190305,Lucerne/Medics
190306,Small grain grazing
190307,Canola
190308,Canola
190309,Barley
190310,Lucerne/Medics
190311,Lucerne/Medics
190312,Lucerne/Medics
190313,Canola
190314,Canola
190315,Lucerne/Medics
190316,Lucerne/Medics
190317,Lucerne/Medics
190318,Lucerne/Medics
190319,Barley
190320,Canola
190321,Lucerne/Medics
190322,Lucerne/Medics
190324,Lucerne/Medics
190325,Lucerne/Medics
190344,Lucerne/Medics
190347,Lucerne/Medics
190348,Lucerne/Medics
190349,Lucerne/Medics
190350,Lucerne/Medics
190351,Lucerne/Medics
190521,Barley
190522,Lucerne/Medics
190523,Lucerne/Medics
190524,Lucerne/Medics
190526,Wheat
190527,Lucerne/Medics
190528,Lucerne/Medics
190529,Barley
190530,Wheat
190531,Lucerne/Medics
190532,Lucerne/Medics
190533,Lucerne/Medics
190534,Barley
190535,Barley
190536,Wheat
190537,Wheat
190538,Wheat
190539,Wheat
190540,Wheat
190541,Wheat
190542,Barley
190543,Barley
190544,Wheat
190545,Barley
190546,Barley
190547,Barley
190548,Lucerne/Medics
190549,Lucerne/Medics
190550,Lucerne/Medics
190551,Lucerne/Medics
190552,Lucerne/Medics
190553,Wheat
190554,Barley
190555,Lucerne/Medics
190556,Lucerne/Medics
190557,Lucerne/Medics
190558,Barley
190559,Wheat
190560,Lucerne/Medics
190561,Small grain grazing
190562,Wheat
190563,Lucerne/Medics
190564,Lucerne/Medics
190565,Barley
190566,Barley
190567,Lucerne/Medics
190568,Wheat
190569,Wheat
190570,Lucerne/Medics
190571,Wheat
190572,Barley
190573,Barley
190574,Lucerne/Medics
190575,Wheat
190576,Wheat
190577,Lucerne/Medics
190578,Barley
190579,Lucerne/Medics
190581,Lucerne/Medics
190582,Lucerne/Medics
190583,Wheat
190584,Wheat
190585,Barley
190586,Barley
190587,Small grain grazing
190588,Small grain grazing
190589,Small grain grazing
190590,Lucerne/Medics
190591,Small grain grazing
190592,Small grain grazing
190593,Lucerne/Medics
190594,Lucerne/Medics
190595,Lucerne/Medics
190596,Lucerne/Medics
190597,Wheat
190598,Lucerne/Medics
190599,Small grain grazing
190600,Lucerne/Medics
190601,Lucerne/Medics
190602,Lucerne/Medics
190603,Lucerne/Medics
190604,Barley
190605,Small grain grazing
190606,Barley
190607,Lucerne/Medics
190608,Small grain grazing
190609,Barley
190610,Small grain grazing
190611,Lucerne/Medics
190612,Small grain grazing
190613,Small grain grazing
190614,Lucerne/Medics
190615,Small grain grazing
190616,Wheat
190617,Lucerne/Medics
190618,Lucerne/Medics
190619,Canola
190620,Wheat
190621,Wheat
190622,Barley
190623,Canola
190624,Wheat
190625,Wheat
190626,Wheat
190627,Wheat
190628,Wheat
190629,Barley
190630,Wheat
190631,Wheat
190632,Wheat
190633,Barley
190634,Canola
190635,Wheat
190636,Lucerne/Medics
190637,Lucerne/Medics
190638,Lucerne/Medics
190639,Wheat
190640,Lucerne/Medics
190641,Lucerne/Medics
190642,Wheat
190643,Wheat
190644,Barley
190645,Barley
190646,Barley
190647,Lucerne/Medics
190648,Wheat
190649,Wheat
190650,Wheat
190651,Wheat
190652,Wheat
190653,Canola
190654,Wheat
190655,Wheat
190656,Barley
190657,Barley
190658,Barley
190659,Barley
190660,Barley
190661,Barley
190662,Barley
190663,Wheat
190664,Barley
190665,Lucerne/Medics
190666,Lucerne/Medics
190667,Lucerne/Medics
190668,Barley
190669,Lucerne/Medics
190670,Barley
190671,Lucerne/Medics
190672,Wheat
190673,Lucerne/Medics
190674,Lucerne/Medics
190675,Small grain grazing
190676,Barley
190677,Lucerne/Medics
190678,Lucerne/Medics
190679,Lucerne/Medics
190680,Lucerne/Medics
190681,Lucerne/Medics
190682,Lucerne/Medics
190683,Lucerne/Medics
190684,Lucerne/Medics
190685,Lucerne/Medics
190686,Lucerne/Medics
190687,Lucerne/Medics
190688,Lucerne/Medics
190689,Lucerne/Medics
190690,Lucerne/Medics
190691,Lucerne/Medics
190692,Lucerne/Medics
190693,Wheat
190694,Lucerne/Medics
190695,Lucerne/Medics
190696,Lucerne/Medics
190697,Lucerne/Medics
190698,Lucerne/Medics
190699,Lucerne/Medics
190700,Canola
190701,Lucerne/Medics
190702,Lucerne/Medics
190703,Wheat
190704,Wheat
190705,Canola
190706,Small grain grazing
190707,Barley
190708,Canola
190709,Lucerne/Medics
190710,Lucerne/Medics
190711,Barley
190712,Lucerne/Medics
190713,Wheat
190714,Wheat
190715,Wheat
190716,Lucerne/Medics
190717,Wheat
190718,Wheat
190719,Wheat
190720,Small grain grazing
190721,Barley
190722,Barley
190723,Wheat
190724,Lucerne/Medics
190725,Lucerne/Medics
190726,Small grain grazing
190727,Small grain grazing
190728,Lucerne/Medics
190729,Wheat
190730,Lucerne/Medics
190731,Wheat
190732,Wheat
190733,Wheat
190734,Wheat
190735,Wheat
190736,Wheat
190737,Lucerne/Medics
190738,Lucerne/Medics
190739,Lucerne/Medics
190740,Lucerne/Medics
190741,Small grain grazing
190742,Wheat
190743,Lucerne/Medics
190744,Wheat
190745,Wheat
190746,Lucerne/Medics
190747,Wheat
190748,Lucerne/Medics
190749,Lucerne/Medics
190750,Canola
190751,Barley
190752,Barley
190753,Canola
190754,Canola
190755,Wheat
190756,Wheat
190757,Barley
190758,Lucerne/Medics
190759,Wheat
190760,Wheat
190761,Lucerne/Medics
190762,Barley
190768,Canola
190769,Barley
190770,Barley
190790,Wheat
190791,Lucerne/Medics
190792,Lucerne/Medics
190793,Lucerne/Medics
190794,Lucerne/Medics
190795,Lucerne/Medics
190796,Lucerne/Medics
190797,Wheat
190798,Lucerne/Medics
190799,Lucerne/Medics
190800,Lucerne/Medics
190801,Barley
190802,Wheat
190803,Barley
190804,Lucerne/Medics
190805,Lucerne/Medics
190806,Barley
190810,Lucerne/Medics
190811,Lucerne/Medics
190812,Lucerne/Medics
190813,Lucerne/Medics
190814,Lucerne/Medics
190815,Lucerne/Medics
190816,Lucerne/Medics
190817,Lucerne/Medics
190818,Lucerne/Medics
190819,Wheat
190820,Lucerne/Medics
190821,Lucerne/Medics
190822,Lucerne/Medics
190823,Lucerne/Medics
190824,Lucerne/Medics
190825,Lucerne/Medics
190826,Lucerne/Medics
190827,Canola
190828,Lucerne/Medics
190829,Lucerne/Medics
190830,Lucerne/Medics
190831,Lucerne/Medics
190832,Lucerne/Medics
190833,Lucerne/Medics
190834,Lucerne/Medics
190835,Lucerne/Medics
190836,Lucerne/Medics
190839,Lucerne/Medics
190840,Lucerne/Medics
190841,Lucerne/Medics
190842,Wheat
190843,Canola
190844,Wheat
190848,Lucerne/Medics
190849,Lucerne/Medics
190850,Lucerne/Medics
190851,Small grain grazing
190852,Lucerne/Medics
190867,Lucerne/Medics
190872,Lucerne/Medics
190873,Lucerne/Medics
190874,Lucerne/Medics
190875,Lucerne/Medics
190876,Lucerne/Medics
190877,Lucerne/Medics
190878,Lucerne/Medics
190879,Lucerne/Medics
190880,Lucerne/Medics
190881,Lucerne/Medics
190882,Lucerne/Medics
190883,Lucerne/Medics
190884,Lucerne/Medics
190885,Lucerne/Medics
190886,Lucerne/Medics
190988,Wheat
190989,Lucerne/Medics
190990,Wheat
190991,Wheat
190993,Lucerne/Medics
190994,Lucerne/Medics
190995,Wheat
190996,Wheat
190997,Barley
190998,Wheat
190999,Wheat
191000,Barley
191001,Lucerne/Medics
191002,Lucerne/Medics
191003,Wheat
191004,Wheat
191005,Barley
191006,Wheat
191007,Wheat
191008,Wheat
191009,Lucerne/Medics
191011,Lucerne/Medics
191012,Small grain grazing
191013,Wheat
191014,Wheat
191015,Wheat
191016,Wheat
191017,Wheat
191018,Wheat
191019,Lucerne/Medics
191020,Barley
191021,Wheat
191022,Wheat
191023,Wheat
191024,Small grain grazing
191025,Wheat
191026,Small grain grazing
191027,Wheat
191028,Wheat
191029,Lucerne/Medics
191030,Lucerne/Medics
191031,Lucerne/Medics
191032,Wheat
191033,Lucerne/Medics
191034,Lucerne/Medics
191035,Lucerne/Medics
191036,Lucerne/Medics
191037,Lucerne/Medics
191039,Barley
191040,Barley
191041,Lucerne/Medics
191042,Wheat
191043,Wheat
191044,Wheat
191045,Barley
191046,Small grain grazing
191049,Lucerne/Medics
191059,Lucerne/Medics
191060,Wheat
191061,Wheat
191077,Barley
191078,Barley
191079,Wheat
191085,Lucerne/Medics
191086,Lucerne/Medics
191087,Lucerne/Medics
191088,Lucerne/Medics
191089,Lucerne/Medics
191090,Barley
191091,Barley
191093,Lucerne/Medics
191094,Lucerne/Medics
191095,Barley
191097,Lucerne/Medics
191102,Lucerne/Medics
191103,Wheat
191104,Wheat
191105,Wheat
191106,Wheat
191107,Wheat
191108,Wheat
191109,Lucerne/Medics
191110,Lucerne/Medics
191115,Lucerne/Medics
191116,Barley
191117,Barley
191118,Small grain grazing
191119,Small grain grazing
191120,Wheat
191122,Lucerne/Medics
191123,Lucerne/Medics
191124,Lucerne/Medics
191125,Lucerne/Medics
191126,Small grain grazing
191127,Barley
191128,Lucerne/Medics
191129,Barley
191130,Wheat
191132,Lucerne/Medics
191133,Lucerne/Medics
191134,Lucerne/Medics
191135,Lucerne/Medics
191138,Wheat
191139,Wheat
191140,Small grain grazing
191141,Wheat
191142,Lucerne/Medics
191144,Lucerne/Medics
191145,Lucerne/Medics
191148,Lucerne/Medics
191149,Lucerne/Medics
191150,Wheat
191152,Lucerne/Medics
191165,Wheat
191167,Lucerne/Medics
191168,Wheat
191169,Lucerne/Medics
191170,Lucerne/Medics
191171,Lucerne/Medics
191172,Lucerne/Medics
191173,Lucerne/Medics
191174,Lucerne/Medics
191175,Lucerne/Medics
191176,Lucerne/Medics
191177,Lucerne/Medics
191178,Lucerne/Medics
191179,Lucerne/Medics
191180,Lucerne/Medics
191181,Lucerne/Medics
191182,Canola
191183,Barley
191184,Wheat
191185,Wheat
191186,Lucerne/Medics
191188,Lucerne/Medics
191189,Lucerne/Medics
191190,Canola
191191,Lucerne/Medics
191192,Lucerne/Medics
191193,Lucerne/Medics
191196,Lucerne/Medics
191198,Wheat
191209,Lucerne/Medics
191211,Lucerne/Medics
191212,Barley
191213,Lucerne/Medics
191221,Lucerne/Medics
191222,Lucerne/Medics
191223,Lucerne/Medics
191224,Lucerne/Medics
191225,Lucerne/Medics
191226,Lucerne/Medics
191227,Canola
191228,Lucerne/Medics
191229,Lucerne/Medics
191230,Wheat
191231,Lucerne/Medics
191233,Canola
191234,Lucerne/Medics
191239,Barley
191251,Lucerne/Medics
191252,Lucerne/Medics
191255,Lucerne/Medics
191257,Wheat
191261,Lucerne/Medics
191262,Lucerne/Medics
191263,Lucerne/Medics
191264,Small grain grazing
191265,Lucerne/Medics
191266,Wheat
191267,Barley
191268,Wheat
191269,Lucerne/Medics
191270,Small grain grazing
191272,Wheat
191273,Wheat
191274,Lucerne/Medics
191276,Lucerne/Medics
191277,Lucerne/Medics
191278,Lucerne/Medics
191280,Lucerne/Medics
191283,Lucerne/Medics
191284,Lucerne/Medics
191285,Lucerne/Medics
191286,Lucerne/Medics
191287,Lucerne/Medics
191288,Lucerne/Medics
191289,Lucerne/Medics
191290,Lucerne/Medics
191291,Lucerne/Medics
191292,Lucerne/Medics
191293,Lucerne/Medics
191294,Lucerne/Medics
191295,Lucerne/Medics
191296,Lucerne/Medics
191297,Lucerne/Medics
191299,Lucerne/Medics
191300,Lucerne/Medics
191301,Lucerne/Medics
191303,Lucerne/Medics
191307,Lucerne/Medics
191308,Lucerne/Medics
191310,Lucerne/Medics
191311,Wheat
191312,Canola
191314,Canola
191315,Wheat
191333,Lucerne/Medics
191349,Lucerne/Medics
192347,Lucerne/Medics
192349,Lucerne/Medics
192350,Lucerne/Medics
192355,Wheat
192356,Lucerne/Medics
192357,Lucerne/Medics
192358,Lucerne/Medics
192359,Lucerne/Medics
192360,Lucerne/Medics
270019,Lucerne/Medics
270020,Lucerne/Medics
270021,Lucerne/Medics
270529,Lucerne/Medics
272354,Lucerne/Medics
272355,Lucerne/Medics
272429,Lucerne/Medics
272640,Small grain grazing
272740,Lucerne/Medics
